,City,Lat,Lon,Max Temp,Humidity,Cloudiness,Wind Speed,Country,Date
0,ushuaia,-54.8,-68.3,4.0,69,40,3.6,AR,1596220941
1,hilo,19.73,-155.09,26.0,65,40,2.6,US,1596220924
2,tilichiki,60.47,166.1,10.27,93,45,2.61,RU,1596221058
3,joyabaj,14.99,-90.81,21.11,59,6,3.13,GT,1596221058
4,punta arenas,-53.15,-70.92,3.0,82,75,7.2,CL,1596221058
5,bereda,43.27,-7.54,24.44,64,100,4.47,ES,1596221058
6,severo-kurilsk,50.68,156.12,10.34,86,13,7.29,RU,1596221059
7,gamboma,-1.88,15.86,29.03,46,62,1.51,CG,1596221059
8,hermanus,-34.42,19.23,11.67,92,0,0.65,ZA,1596221059
9,broome,42.25,-75.83,28.33,44,40,4.1,US,1596221059
10,olinda,-8.01,-34.86,28.0,65,40,7.2,BR,1596221059
11,at-bashi,41.17,75.81,15.26,67,100,1.31,KG,1596221060
12,hithadhoo,-0.6,73.08,28.36,75,100,5.47,MV,1596221060
13,upernavik,72.79,-56.15,7.97,59,83,5.04,GL,1596221060
14,sorland,67.67,12.69,13.0,87,90,1.0,NO,1596221060
15,mataura,-46.19,168.86,8.63,91,100,1.23,NZ,1596221061
16,uyskoye,54.38,60.0,15.71,91,83,3.49,RU,1596221061
17,jamestown,42.1,-79.24,27.78,53,75,4.1,US,1596221061
18,fukuma,33.77,130.47,26.67,94,100,1.0,JP,1596221062
19,bluff,-46.6,168.33,10.07,89,100,3.26,NZ,1596220781
20,pevek,69.7,170.31,1.96,96,94,1.44,RU,1596221062
21,albany,42.6,-73.97,30.56,39,13,1.68,US,1596221057
22,alta floresta,-9.88,-56.09,36.74,16,1,2.74,BR,1596220999
23,anadyr,64.75,177.48,11.0,87,40,4.0,RU,1596221062
24,bredasdorp,-34.53,20.04,12.0,87,0,1.5,ZA,1596221063
25,codrington,-38.27,141.97,9.35,75,100,6.63,AU,1596221063
26,busselton,-33.65,115.33,9.44,83,80,1.29,AU,1596221022
27,half moon bay,37.46,-122.43,21.67,87,90,4.1,US,1596220997
28,husavik,66.04,-17.34,11.0,81,90,4.1,IS,1596221064
29,atuona,-9.8,-139.03,26.59,64,21,9.7,PF,1596220806
30,maloy,61.94,5.11,20.0,72,92,2.6,NO,1596221064
31,muros,42.78,-9.06,18.89,88,54,4.47,ES,1596221064
32,narsaq,60.92,-46.05,13.0,58,75,3.6,GL,1596221064
33,ilulissat,69.22,-51.1,11.0,53,75,7.2,GL,1596221064
34,port alfred,-33.59,26.89,14.75,72,0,0.84,ZA,1596221065
35,puerto ayora,-0.74,-90.35,27.0,57,40,4.6,EC,1596221065
36,champerico,14.3,-91.92,33.0,63,20,3.1,GT,1596221065
37,kindu,-2.95,25.95,26.66,47,0,1.21,CD,1596221066
38,iqaluit,63.75,-68.51,14.0,87,75,1.0,CA,1596221066
39,ribeira grande,38.52,-28.7,24.0,60,40,4.6,PT,1596221066
40,challans,46.84,-1.87,21.11,78,0,4.05,FR,1596221067
41,alofi,-19.06,-169.92,15.0,100,5,7.2,NU,1596221067
42,castro,-24.79,-50.01,15.75,74,67,3.0,BR,1596221067
43,dickinson,29.46,-95.05,34.44,59,75,5.1,US,1596220966
44,dawson creek,55.77,-120.24,22.0,68,1,1.5,CA,1596220902
45,souillac,-20.52,57.52,22.0,88,75,2.6,MU,1596221068
46,hay river,60.82,-115.8,25.0,47,20,4.1,CA,1596220913
47,taoudenni,22.68,-3.98,41.28,9,0,4.78,ML,1596221068
48,khatanga,71.97,102.5,15.6,59,0,4.79,RU,1596221068
49,olafsvik,64.89,-23.71,10.04,90,100,8.86,IS,1596221069
50,vaini,-21.2,-175.2,19.0,93,40,4.1,TO,1596221069
51,laramie,41.31,-105.59,24.44,25,1,3.6,US,1596221069
52,christchurch,-43.53,172.63,10.56,87,100,4.6,NZ,1596220807
53,thompson,55.74,-97.86,19.0,72,75,4.6,CA,1596221070
54,nikolskoye,59.7,30.79,15.0,67,100,5.0,RU,1596221070
55,rikitea,-23.12,-134.97,23.33,84,93,4.4,PF,1596221070
56,perth,-31.93,115.83,11.11,93,0,3.1,AU,1596221070
57,georgetown,5.41,100.34,26.0,88,20,1.0,MY,1596221070
58,lanycsok,46.01,18.63,30.0,45,0,2.1,HU,1596221071
59,new norfolk,-42.78,147.06,8.89,82,100,1.53,AU,1596221071
60,port elizabeth,-33.92,25.57,11.67,86,0,2.14,ZA,1596221071
61,cabedelo,-6.98,-34.83,26.0,74,75,7.7,BR,1596221071
62,bemidji,47.47,-94.88,27.78,50,1,2.1,US,1596220861
63,guerrero negro,27.98,-114.06,30.87,41,11,1.64,MX,1596221072
64,ixtapa,20.7,-105.2,31.67,70,20,2.6,MX,1596221072
65,kruisfontein,-34.0,24.73,11.67,86,0,2.09,ZA,1596221072
66,porangatu,-13.44,-49.15,32.41,15,0,4.49,BR,1596221072
67,vila franca do campo,37.72,-25.43,23.0,60,40,4.6,PT,1596221072
68,mar del plata,-38.0,-57.56,16.0,51,0,3.1,AR,1596221015
69,la ronge,55.1,-105.28,24.0,44,20,4.1,CA,1596221073
70,tuatapere,-46.13,167.68,9.98,90,100,1.02,NZ,1596221073
71,yulara,-25.24,130.99,7.0,30,0,3.1,AU,1596221046
72,carnarvon,-24.87,113.63,17.0,77,0,6.2,AU,1596221073
73,kirillov,59.86,38.38,13.0,100,40,1.0,RU,1596221074
74,dunedin,-45.87,170.5,9.44,91,100,0.89,NZ,1596220918
75,faanui,-16.48,-151.75,26.01,81,0,4.64,PF,1596221074
76,tautira,-17.73,-149.15,25.0,78,90,5.7,PF,1596221074
77,asosa,10.07,34.53,15.9,99,100,1.42,ET,1596221074
78,longyearbyen,78.22,15.64,9.0,87,20,1.5,SJ,1596221075
79,saskylakh,71.92,114.08,12.32,75,10,1.8,RU,1596221075
80,butaritari,3.07,172.79,28.17,76,100,3.81,KI,1596221075
81,cape town,-33.93,18.42,13.33,93,0,3.1,ZA,1596221076
82,santa fe,-31.63,-60.7,17.89,42,0,3.0,AR,1596221076
83,galle,6.04,80.22,26.42,86,1,6.48,LK,1596221076
84,balkhash,46.84,74.98,24.41,36,71,2.9,KZ,1596221076
85,vao,-22.67,167.48,20.51,84,79,10.48,NC,1596221076
86,sitka,57.05,-135.33,19.0,72,75,3.6,US,1596220807
87,sal rei,16.18,-22.92,27.0,65,75,5.7,CV,1596221077
88,iwanai,42.97,140.51,18.59,90,6,1.43,JP,1596221077
89,micheweni,-4.97,39.83,24.25,77,0,6.61,TZ,1596221077
90,san cristobal,7.77,-72.22,34.0,38,40,9.8,VE,1596221077
91,sinaloa,25.0,-107.5,31.67,66,90,2.6,MX,1596220955
92,asau,46.43,26.4,18.33,85,90,0.87,RO,1596221078
93,harper,4.38,-7.72,24.35,84,100,5.17,LR,1596221078
94,trofors,65.53,13.41,16.0,82,40,0.5,NO,1596221078
95,kapaa,22.08,-159.32,25.56,88,90,6.7,US,1596220794
96,newport,51.59,-3.0,20.56,83,100,0.89,GB,1596220860
97,hovd,48.01,91.64,13.04,57,0,2.1,MN,1596221079
98,flinders,-34.58,150.86,6.67,87,61,0.45,AU,1596221079
99,talnakh,69.49,88.4,16.0,82,100,3.0,RU,1596221079
100,kushiro,42.98,144.37,17.52,93,100,1.24,JP,1596221079
101,avarua,-21.21,-159.78,18.0,88,8,0.5,CK,1596221075
102,palmer,42.16,-72.33,31.11,37,40,2.6,US,1596221080
103,soyo,-6.13,12.37,22.37,81,0,4.12,AO,1596221080
104,nacala,-14.54,40.67,20.06,75,2,4.83,MZ,1596221080
105,haines junction,60.75,-137.51,22.81,37,47,0.94,CA,1596220816
106,east london,-33.02,27.91,16.85,62,0,1.59,ZA,1596221080
107,rodez,44.5,2.58,33.0,33,0,5.7,FR,1596221081
108,kaitangata,-46.28,169.85,10.0,85,100,0.89,NZ,1596221081
109,saint george,37.1,-113.58,38.33,11,1,1.5,US,1596221044
110,lodja,-3.48,23.43,27.34,33,7,0.52,CD,1596221081
111,cidreira,-30.18,-50.21,16.22,75,0,5.04,BR,1596221082
112,azuaga,38.27,-5.68,35.56,30,0,4.02,ES,1596221082
113,wanganui,-39.93,175.05,6.67,87,100,0.45,NZ,1596221082
114,kitimat,54.05,-128.65,25.0,47,20,6.7,CA,1596220881
115,matara,5.95,80.54,25.81,88,6,5.1,LK,1596221082
116,bonthe,7.53,-12.51,25.78,84,21,3.49,SL,1596221083
117,katsuura,35.13,140.3,25.0,100,75,1.0,JP,1596221083
118,torbay,47.67,-52.73,18.0,82,75,2.6,CA,1596221083
119,faya,18.39,42.45,19.0,100,75,4.1,SA,1596221083
120,cherskiy,68.75,161.3,5.37,83,100,3.86,RU,1596221083
121,dire dawa,9.59,41.87,22.92,58,92,5.13,ET,1596221084
122,tezu,27.92,96.17,24.47,83,100,1.61,IN,1596221084
123,ponta do sol,32.67,-17.1,24.0,60,20,8.7,PT,1596220980
124,roswell,34.02,-84.36,32.78,62,75,5.1,US,1596220945
125,caconda,-13.73,15.07,14.95,35,0,1.56,AO,1596221084
126,norwood,42.19,-71.2,30.56,45,1,3.1,US,1596221084
127,barrow,71.29,-156.79,3.0,86,40,4.1,US,1596220801
128,ahipara,-35.17,173.17,13.89,81,77,6.25,NZ,1596221085
129,bambous virieux,-20.34,57.76,22.0,88,75,2.6,MU,1596221085
130,impfondo,1.64,18.07,25.86,66,21,1.24,CG,1596221085
131,tuktoyaktuk,69.45,-133.04,19.0,68,40,7.7,CA,1596221086
132,pingliang,35.54,106.69,21.46,70,100,1.27,CN,1596221086
133,mundo nuevo,18.7,-95.5,28.99,77,57,3.26,MX,1596221086
134,nalut,30.33,10.85,31.24,14,0,3.47,LY,1596221086
135,qaanaaq,77.48,-69.36,5.05,66,1,0.82,GL,1596221086
136,wellington,-41.29,174.78,10.0,87,100,3.6,NZ,1596220921
137,luderitz,-26.65,15.16,24.0,23,0,3.1,NA,1596221087
138,aklavik,68.22,-135.01,23.0,64,20,1.0,CA,1596220926
139,bethel,41.37,-73.41,27.78,61,20,2.6,US,1596221087
140,kutum,14.2,24.67,26.1,57,5,5.03,SD,1596221088
141,tiksi,71.69,128.87,3.88,91,53,1.27,RU,1596221088
142,nantucket,41.28,-70.1,24.0,78,90,1.5,US,1596221002
143,chokurdakh,70.63,147.92,8.28,75,100,1.05,RU,1596221088
144,alamosa,37.47,-105.87,23.0,35,1,2.1,US,1596221089
145,nador,35.17,-2.93,30.0,66,47,3.6,MA,1596221089
146,kenora,49.82,-94.43,26.0,50,75,3.1,CA,1596220990
147,kavieng,-2.57,150.8,27.86,78,96,2.96,PG,1596221089
148,waddan,29.16,16.14,31.3,20,0,5.67,LY,1596221089
149,yellowknife,62.46,-114.35,22.22,60,75,4.1,CA,1596221090
150,ballybofey,54.8,-7.78,20.0,77,90,7.2,IE,1596221090
151,uvinza,-5.1,30.39,22.26,53,4,1.93,TZ,1596221090
152,ancud,-41.87,-73.82,11.11,87,90,7.2,CL,1596221090
153,ambon,-3.7,128.18,25.0,15,71,5.78,ID,1596221090
154,arraial do cabo,-22.97,-42.03,22.0,68,75,5.1,BR,1596221091
155,saint-philippe,-21.36,55.77,20.56,77,1,3.1,RE,1596221091
156,kulu,39.1,33.08,25.24,30,0,2.86,TR,1596221091
157,hami,42.8,93.45,24.16,19,0,3.64,CN,1596221091
158,ostrovnoy,68.05,39.51,10.26,93,63,4.05,RU,1596221091
159,naze,28.37,129.48,24.0,94,45,0.5,JP,1596221092
160,nome,64.5,-165.41,13.33,87,90,4.1,US,1596221092
161,ust-uda,54.17,103.03,14.72,91,0,2.29,RU,1596221092
162,arya,33.6,73.07,29.44,83,40,3.6,PK,1596221092
163,geraldton,-28.77,114.6,10.0,93,0,3.1,AU,1596221092
164,langxiang,46.95,128.88,20.18,91,100,1.48,CN,1596221093
165,tasiilaq,65.61,-37.64,8.0,61,5,4.1,GL,1596221093
166,vigrestad,58.57,5.7,18.0,77,100,1.5,NO,1596221093
167,hualmay,-11.1,-77.61,18.88,65,13,3.34,PE,1596221093
168,pestravka,52.41,49.96,18.16,84,100,2.88,RU,1596221093
169,fort nelson,58.81,-122.7,23.0,60,5,1.0,CA,1596220984
170,samarai,-10.62,150.67,24.01,72,86,7.16,PG,1596221094
171,hobart,-42.88,147.33,10.56,81,100,4.6,AU,1596220922
172,college,64.86,-147.8,19.44,67,75,2.6,US,1596221094
173,vaitape,-16.52,-151.75,26.48,79,1,4.5,PF,1596221094
174,kalianget,-7.05,113.93,25.29,79,100,3.27,ID,1596221094
175,alice springs,-23.7,133.88,3.0,37,0,2.6,AU,1596220839
176,tual,-5.67,132.75,25.28,81,47,9.19,ID,1596221095
177,vardo,70.37,31.11,9.0,93,40,8.7,NO,1596221095
178,aykhal,66.0,111.5,14.0,62,0,3.0,RU,1596221095
179,poum,-20.23,164.02,21.63,84,25,12.28,NC,1596221095
180,rosario do sul,-30.26,-54.91,17.92,75,7,1.83,BR,1596221096
181,elat,29.56,34.95,38.0,33,0,4.1,IL,1596221096
182,lokosovo,61.13,74.82,14.18,73,100,2.2,RU,1596221096
183,loubomo,-4.2,12.67,21.71,72,0,3.5,CG,1596221096
184,provideniya,64.38,-173.3,8.11,73,1,2.62,RU,1596221096
185,irituia,-1.77,-47.44,33.22,48,95,1.44,BR,1596221097
186,huntsville,34.73,-86.59,33.0,70,75,4.1,US,1596220802
187,ouango,4.31,22.56,23.85,84,100,0.6,CF,1596221097
188,leh,34.17,77.58,16.72,40,48,1.71,IN,1596221097
189,chapais,49.78,-74.85,24.0,64,75,4.1,CA,1596221098
190,saint-ambroise,48.55,-71.33,25.0,57,75,1.0,CA,1596221098
191,buchanan,5.88,-10.05,25.0,94,75,1.5,LR,1596221098
192,port hawkesbury,45.62,-61.35,26.11,69,1,4.6,CA,1596220979
193,kieta,-6.22,155.63,26.13,79,84,1.12,PG,1596221098
194,sioux lookout,50.1,-91.92,27.0,42,20,1.5,CA,1596221099
195,den helder,52.96,4.76,27.0,54,0,4.1,NL,1596221099
196,tura,25.52,90.22,24.11,92,75,1.44,IN,1596221099
197,riviere-au-renard,49.0,-64.4,21.0,77,75,4.1,CA,1596221099
198,betioky,-23.72,44.38,16.3,84,0,3.69,MG,1596221099
199,padang,-0.95,100.35,24.86,78,74,1.79,ID,1596221100
200,port charlotte,26.98,-82.09,34.44,52,20,2.1,US,1596221100
201,ambulu,-8.35,113.61,21.45,87,17,1.44,ID,1596221100
202,bengkulu,-3.8,102.27,23.33,89,33,3.39,ID,1596221100
203,kudahuvadhoo,2.67,72.89,28.6,77,100,6.44,MV,1596221100
204,linxia,35.6,103.21,19.34,51,92,0.87,CN,1596221100
205,gazanjyk,39.24,55.52,28.26,25,0,3.63,TM,1596221101
206,teya,60.38,92.63,11.24,89,99,0.99,RU,1596221101
207,gamba,-2.65,10.0,22.63,79,89,3.8,GA,1596221101
208,lebu,-37.62,-73.65,12.22,70,100,6.46,CL,1596221102
209,matadi,-5.82,13.45,25.11,60,0,4.89,CD,1596221102
210,noumea,-22.28,166.46,19.0,93,75,1.0,NC,1596220850
211,hanyang,32.14,105.51,20.39,94,100,1.02,CN,1596221103
212,margate,51.38,1.39,28.33,48,54,1.79,GB,1596221103
213,osakarovka,50.56,72.57,18.48,71,0,2.78,KZ,1596221103
214,fort myers beach,26.45,-81.95,34.44,49,20,2.6,US,1596221027
215,mount gambier,-37.83,140.77,9.0,81,7,5.7,AU,1596221103
216,buala,-8.14,159.59,26.94,78,96,2.92,SB,1596221104
217,urubicha,-15.38,-62.95,34.27,20,0,1.32,BO,1596221104
218,hasaki,35.73,140.83,22.22,100,75,2.6,JP,1596221104
219,iracoubo,5.48,-53.2,27.9,79,74,1.28,GF,1596221104
220,toktogul,41.87,72.94,20.0,64,95,1.01,KG,1596221104
221,shu,43.6,73.76,21.4,47,100,1.16,KZ,1596221105
222,podlesnoye,51.82,47.01,20.63,60,100,1.61,RU,1596221105
223,maryborough,-25.53,152.7,14.44,82,39,2.24,AU,1596221105
224,roebourne,-20.78,117.13,20.08,29,0,2.18,AU,1596221105
225,san policarpo,12.18,125.51,26.8,84,100,3.85,PH,1596221105
226,kodiak,57.79,-152.41,13.0,93,90,2.1,US,1596220860
227,clyde river,70.47,-68.59,7.0,100,90,4.1,CA,1596221106
228,seoul,37.57,126.98,25.0,100,90,2.1,KR,1596220860
229,bandarbeyla,9.49,50.81,26.4,76,0,15.24,SO,1596221106
230,hwange,-18.37,26.5,16.34,31,0,1.43,ZW,1596221106
231,te anau,-45.42,167.72,7.87,90,100,0.77,NZ,1596221106
232,nago,26.59,127.98,28.89,79,88,4.47,JP,1596221107
233,oron,4.83,8.23,23.4,89,99,1.1,NG,1596221107
234,sur,22.57,59.53,30.19,70,98,7.61,OM,1596221107
235,hohhot,40.81,111.65,19.0,88,3,2.0,CN,1596221107
236,uruzgan,32.83,66.0,20.13,23,0,1.47,AF,1596221107
237,lorengau,-2.02,147.27,27.94,78,57,3.77,PG,1596221108
238,norman wells,65.28,-126.83,22.0,60,40,3.1,CA,1596221108
239,vestmannaeyjar,63.44,-20.27,12.0,93,90,8.7,IS,1596221108
240,klaksvik,62.23,-6.59,14.0,87,100,5.7,FO,1596221108
241,boma,7.08,-2.17,23.29,95,100,1.28,GH,1596221108
242,lima,-12.04,-77.03,17.0,72,90,3.6,PE,1596221029
243,carauari,-4.88,-66.9,34.33,32,0,1.81,BR,1596221109
244,reyes,-14.32,-67.38,31.33,35,0,1.15,BO,1596221109
245,gardenstown,57.67,-2.34,18.33,79,86,3.58,GB,1596221109
246,nicoya,10.15,-85.45,33.0,52,20,3.1,CR,1596221109
247,hambantota,6.12,81.12,26.0,100,20,3.1,LK,1596221109
248,kryve ozero,47.95,30.35,16.37,86,100,1.45,UA,1596221110
249,fortuna,40.6,-124.16,16.67,83,21,0.45,US,1596221064
250,nouadhibou,20.93,-17.03,23.68,87,0,5.08,MR,1596221110
251,yueyang,29.33,113.09,27.42,80,15,1.56,CN,1596221110
252,marysville,48.05,-122.18,25.56,60,99,3.1,US,1596221110
253,port lincoln,-34.73,135.87,13.36,47,8,7.08,AU,1596221111
254,pilar,-9.6,-35.96,26.0,74,40,7.2,BR,1596221111
255,kargil,34.57,76.1,15.51,48,20,2.81,IN,1596221111
256,joshimath,30.57,79.57,19.94,59,94,0.18,IN,1596221111
257,penalva,-3.29,-45.17,33.23,36,78,1.84,BR,1596221111
258,tommot,58.96,126.29,14.43,88,100,2.79,RU,1596221112
259,nanortalik,60.14,-45.24,7.77,80,100,3.74,GL,1596221112
260,manzhouli,49.6,117.43,16.49,89,59,1.04,CN,1596221112
261,nassau,40.75,-73.58,25.0,73,90,1.56,US,1596220502
262,bangassou,4.74,22.82,23.71,82,87,1.41,CF,1596221113
263,barao de melgaco,-16.19,-55.97,35.0,19,40,2.6,BR,1596221113
264,san miguelito,9.03,-79.5,34.0,52,40,4.6,PA,1596221113
265,tsiroanomandidy,-18.77,46.03,20.76,63,97,2.6,MG,1596221113
266,tabas,33.6,56.92,34.0,20,33,4.1,IR,1596221113
267,laguna,38.42,-121.42,27.22,47,1,4.1,US,1596221006
268,glenluce,54.88,-4.81,20.0,83,100,0.45,GB,1596221114
269,san patricio,19.22,-104.7,35.0,75,40,2.96,MX,1596221114
270,conceicao do araguaia,-8.26,-49.26,35.33,20,12,3.15,BR,1596221114
271,sao filipe,14.9,-24.5,24.27,75,40,4.34,CV,1596221115
272,spas,48.89,24.06,19.0,63,0,2.0,UA,1596221115
273,westport,41.14,-73.36,26.11,74,75,1.69,US,1596221003
274,kingman,35.19,-114.05,40.0,9,1,3.1,US,1596220875
275,luba,3.46,8.55,24.41,84,99,2.92,GQ,1596221115
276,sobolevo,54.43,31.9,12.38,94,12,3.02,RU,1596221116
277,iona,26.52,-81.96,34.44,49,20,2.6,US,1596221116
278,artyom,40.47,50.33,24.0,69,0,3.1,AZ,1596221116
279,pisco,-13.7,-76.22,17.22,82,75,3.6,PE,1596220819
280,lagoa,39.05,-27.98,21.03,70,35,4.38,PT,1596221116
281,lompoc,34.64,-120.46,18.0,82,0,4.6,US,1596221116
282,ambilobe,-13.2,49.05,21.29,88,7,1.4,MG,1596221117
283,keshorai patan,25.3,75.93,31.59,61,9,3.53,IN,1596221102
284,itarema,-2.92,-39.92,28.52,59,66,7.99,BR,1596221117
285,bhimunipatnam,17.88,83.43,29.0,83,40,1.0,IN,1596221117
286,puerto escondido,15.85,-97.07,32.0,59,40,3.03,MX,1596221100
287,andra,62.51,65.89,12.52,97,86,3.12,RU,1596221118
288,tagusao,9.19,117.81,26.76,83,100,5.8,PH,1596221118
289,dzialdowo,53.24,20.17,15.0,93,75,3.6,PL,1596221118
290,necochea,-38.55,-58.74,13.33,63,0,3.58,AR,1596221118
291,constitucion,-35.33,-72.42,14.57,62,100,2.68,CL,1596221119
292,mahebourg,-20.41,57.7,22.0,88,75,2.6,MU,1596221119
293,luanda,-8.84,13.23,22.0,83,75,4.1,AO,1596221020
294,port macquarie,-31.43,152.92,10.0,87,7,2.86,AU,1596220865
295,saint-augustin,51.23,-58.65,14.97,82,100,8.05,CA,1596221119
296,leczna,51.3,22.88,19.0,59,12,2.1,PL,1596221120
297,nyurba,63.28,118.33,11.41,85,0,1.95,RU,1596221120
298,krivodol,43.37,23.48,27.68,50,0,3.32,BG,1596221120
299,talcahuano,-36.72,-73.12,13.0,76,100,4.1,CL,1596221120
300,havre-saint-pierre,50.23,-63.6,17.0,100,90,2.6,CA,1596221121
301,kidodi,-7.6,37.0,21.81,64,4,1.77,TZ,1596221121
302,zhigansk,66.77,123.37,12.96,67,0,4.46,RU,1596221121
303,severo-yeniseyskiy,60.37,93.04,9.82,95,100,0.99,RU,1596221121
304,swellendam,-34.02,20.44,12.0,87,2,1.5,ZA,1596221121
305,simao,22.79,100.97,19.13,95,100,0.57,CN,1596221122
306,yerbogachen,61.28,108.01,13.63,81,100,3.09,RU,1596221122
307,sembe,1.65,14.58,24.26,72,93,0.95,CG,1596221122
308,koungheul,13.98,-14.8,30.92,63,53,2.41,SN,1596221122
309,inuvik,68.35,-133.72,24.0,60,20,2.1,CA,1596221122
310,finschhafen,-6.6,147.87,25.43,83,90,4.48,PG,1596221123
311,pitsunda,43.16,40.34,25.0,83,0,2.0,GE,1596221123
312,nisia floresta,-6.09,-35.21,27.0,74,75,6.7,BR,1596221123
313,novorozhdestvenskaya,45.86,39.95,24.36,64,38,1.94,RU,1596221123
314,warmbad,-28.45,18.73,19.26,22,0,5.25,NA,1596221124
315,henties bay,-22.12,14.28,21.16,36,0,6.75,NA,1596221124
316,duma,34.77,108.14,26.0,88,100,1.0,CN,1596221124
317,ballina,-28.87,153.57,12.0,93,74,3.6,AU,1596221124
318,turukhansk,65.82,87.98,13.22,86,100,8.2,RU,1596221124
319,sile,41.18,29.61,25.0,71,0,3.96,TR,1596221125
320,gat,31.61,34.76,28.33,58,0,0.9,IL,1596221125
321,kapit,2.02,112.93,23.34,90,100,0.33,MY,1596221125
322,ojinaga,29.57,-104.42,36.0,23,1,3.6,MX,1596221125
323,baruun-urt,46.68,113.28,19.18,61,54,3.08,MN,1596221125
324,kahului,20.89,-156.47,28.0,48,20,6.7,US,1596221125
325,khandbari,27.37,87.2,23.27,76,93,0.53,NP,1596221126
326,otautau,-46.15,168.0,8.93,93,100,0.11,NZ,1596221126
327,tomatlan,19.93,-105.25,34.17,46,1,3.53,MX,1596221126
328,broken hill,-31.95,141.43,9.0,57,0,3.6,AU,1596221126
329,russell,32.35,-85.2,33.0,59,75,2.6,US,1596221126
330,chuy,-33.7,-53.46,14.26,78,100,1.6,UY,1596221127
331,mangai,-4.05,19.53,27.88,24,75,0.67,CD,1596221127
332,gambela,8.25,34.58,21.6,90,100,1.31,ET,1596221127
333,meybod,32.25,54.02,34.0,23,75,2.1,IR,1596221127
334,komsomolskiy,40.43,71.72,25.0,47,0,1.76,UZ,1596221127
335,vallenar,-28.57,-70.76,30.66,10,0,2.08,CL,1596221128
336,coquimbo,-29.95,-71.34,22.0,26,0,3.6,CL,1596221128
337,sabha,27.04,14.43,34.48,17,0,5.0,LY,1596221128
338,nemuro,43.32,145.57,17.29,90,92,1.63,JP,1596221128
339,shahrud,36.42,54.98,18.79,56,0,5.73,IR,1596221128
340,novoilinsk,51.68,108.71,14.23,91,3,1.14,RU,1596221129
341,cabo san lucas,22.89,-109.91,31.11,48,20,3.6,MX,1596221018
342,trairi,-3.28,-39.27,28.59,58,9,6.87,BR,1596221065
343,masallatah,32.62,14.0,24.57,76,0,4.14,LY,1596221130
344,samarinda,-0.5,117.15,23.15,97,100,0.55,ID,1596220966
345,mercedes,-34.65,-59.43,17.78,40,0,1.75,AR,1596221130
346,saiha,22.48,92.97,22.35,94,100,0.42,IN,1596221130
347,sumter,28.71,-82.08,34.44,64,35,1.79,US,1596221130
348,urdoma,61.75,48.54,10.42,98,33,1.87,RU,1596221130
349,kamaishi,39.27,141.88,20.37,90,64,2.27,JP,1596221131
350,mount isa,-20.73,139.5,7.0,36,0,2.1,AU,1596221131
351,luis correia,-2.88,-41.67,30.49,50,61,5.03,BR,1596221131
352,sinnamary,5.38,-52.95,28.02,77,88,0.8,GF,1596221131
353,urumqi,43.8,87.6,23.0,43,0,1.0,CN,1596221132
354,mayumba,-3.43,10.66,22.49,83,14,3.79,GA,1596221132
355,paamiut,61.99,-49.67,7.09,93,100,4.45,GL,1596221132
356,airai,-8.93,125.41,10.84,70,55,1.2,TL,1596221132
357,khani,41.96,42.96,24.0,88,40,1.0,GE,1596221133
358,pizarro,4.95,-77.37,28.87,74,76,3.59,CO,1596221133
359,kabanjahe,3.1,98.49,26.0,100,40,1.0,ID,1596221133
360,marawi,8.0,124.29,24.44,93,100,1.79,PH,1596221133
361,namatanai,-3.67,152.43,26.53,84,77,4.35,PG,1596221133
362,bitung,1.45,125.18,25.0,94,40,0.5,ID,1596221134
363,mandalgovi,45.76,106.27,15.61,55,5,10.72,MN,1596221134
364,peterhead,57.51,-1.8,18.33,72,96,8.7,GB,1596221134
365,nioki,-2.72,17.68,29.49,39,73,1.28,CD,1596221134
366,thinadhoo,0.53,72.93,28.38,78,100,5.69,MV,1596221135
367,mareeba,-17.0,145.43,21.0,68,90,7.7,AU,1596221135
368,pokhara,28.23,83.98,22.05,78,99,1.13,NP,1596221135
369,xiongzhou,25.12,114.3,24.4,87,0,0.73,CN,1596221135
370,macusani,-14.08,-70.43,11.54,39,8,2.81,PE,1596221136
371,sosva,59.18,61.86,14.49,95,92,2.24,RU,1596221136
372,cockburn town,21.46,-71.14,28.37,82,14,13.59,TC,1596221136
373,atar,20.52,-13.05,37.0,31,63,2.64,MR,1596221136
374,gannan,47.91,123.5,20.24,76,28,1.93,CN,1596221137
375,kuusamo,65.97,29.18,13.0,71,90,2.1,FI,1596221137
376,maceio,-9.67,-35.74,26.0,74,40,7.2,BR,1596221137
377,boende,-0.22,20.87,26.72,52,9,0.75,CD,1596221137
378,kichera,55.94,110.1,17.12,83,100,2.11,RU,1596221138
379,wanaka,-44.7,169.15,7.22,86,100,1.34,NZ,1596221138
380,bambanglipuro,-7.95,110.28,22.66,88,95,1.77,ID,1596221138
381,vostok,46.49,135.88,15.79,100,84,2.07,RU,1596221138
382,marquette,46.53,-87.63,22.78,70,0,1.34,US,1596221139
383,hofn,64.25,-15.21,12.0,87,90,8.7,IS,1596221139
384,grand baie,-20.02,57.58,20.56,84,15,1.34,MU,1596221139
385,boa vista,2.82,-60.67,30.0,58,40,3.6,BR,1596220988
386,pangnirtung,66.15,-65.71,10.0,93,90,4.1,CA,1596221139
387,schattdorf,46.87,8.65,27.0,57,100,2.1,CH,1596221140
388,estelle,29.85,-90.11,35.0,60,0,4.34,US,1596221140
389,yeppoon,-23.13,150.73,12.0,87,20,1.5,AU,1596221140
390,port moresby,-9.44,147.18,21.91,72,50,6.6,PG,1596221140
391,jieshi,22.81,115.83,28.04,84,100,7.99,CN,1596221140
392,bilma,18.69,12.92,35.06,30,100,2.8,NE,1596221141
393,leningradskiy,69.38,178.42,2.8,89,100,3.84,RU,1596221141
394,la cruz,23.92,-106.9,31.95,56,35,3.6,MX,1596221141
395,esperance,-33.87,121.9,10.0,100,90,2.6,AU,1596221141
396,vyartsilya,62.18,30.69,12.35,69,100,3.78,RU,1596221142
397,kungurtug,50.6,97.52,9.8,87,100,1.36,RU,1596221142
398,camacha,33.08,-16.33,22.0,68,20,5.1,PT,1596221142
399,dicabisagan,17.08,122.42,26.61,78,100,1.52,PH,1596221142
400,rio gallegos,-51.62,-69.22,3.0,86,40,7.2,AR,1596221143
401,hailey,43.52,-114.32,31.0,27,5,4.1,US,1596221143
402,boone,39.03,-92.33,23.0,73,90,7.7,US,1596221144
403,fort smith,35.39,-94.4,28.0,65,90,8.7,US,1596221144
404,acapulco,16.86,-99.89,31.0,66,40,1.5,MX,1596221123
405,seydi,39.48,62.91,27.33,24,0,6.57,TM,1596221144
406,eureka,40.8,-124.16,15.56,93,90,2.6,US,1596220889
407,sidi ali,36.1,0.42,27.38,60,0,1.16,DZ,1596221145
408,andenes,69.31,16.12,13.0,93,75,6.2,NO,1596221145
409,pineville,31.32,-92.43,33.33,62,20,3.6,US,1596221145
410,avera,33.19,-82.53,34.0,52,40,5.7,US,1596221145
411,alamos,27.02,-108.93,32.78,64,93,2.24,MX,1596221145
412,ust-maya,60.42,134.53,13.4,63,56,1.97,RU,1596221146
413,mehamn,71.04,27.85,9.0,87,90,2.6,NO,1596221146
414,motygino,58.18,94.76,12.36,87,37,1.07,RU,1596221146
415,kalaleh,37.38,55.49,25.0,73,40,4.1,IR,1596221146
416,jimenez,28.33,-105.4,30.0,40,40,6.7,MX,1596221147
417,santander,43.46,-3.8,23.33,83,90,2.6,ES,1596221147
418,salalah,17.02,54.09,29.0,89,75,2.1,OM,1596221147
419,vavuniya,8.75,80.5,25.92,82,100,3.98,LK,1596221147
420,kidal,18.44,1.41,39.81,9,0,2.72,ML,1596221148
421,wewak,-3.55,143.63,26.82,84,100,2.94,PG,1596221148
422,sayyan,15.17,44.32,16.85,77,100,2.51,YE,1596221148
423,itoman,26.12,127.67,28.89,88,20,2.6,JP,1596220981
424,cap-aux-meules,47.38,-61.86,22.0,83,75,5.1,CA,1596221149
425,koindu,8.44,-10.33,23.57,94,71,1.6,GN,1596221149
426,pirawa,24.16,76.03,28.64,75,69,2.93,IN,1596221149
427,moyale,3.52,39.06,21.79,69,60,3.44,KE,1596221149
428,mabaruma,8.2,-59.78,31.94,56,2,2.13,GY,1596221150
429,kurunegala,7.49,80.36,28.0,78,75,4.1,LK,1596221150
430,sola,-13.88,167.55,26.11,83,98,7.45,VU,1596221150
431,flin flon,54.77,-101.86,23.0,49,75,5.1,CA,1596221132
432,emba,48.83,58.14,27.12,22,98,1.1,KZ,1596221151
433,barcelos,41.54,-8.62,23.89,82,100,4.1,PT,1596221151
434,kamyshlov,56.84,62.71,17.36,90,100,3.52,RU,1596221151
435,sao joao da barra,-21.64,-41.05,22.0,68,75,4.1,BR,1596221152
436,upata,8.01,-62.4,33.89,61,12,3.58,VE,1596221152
437,raudeberg,61.99,5.14,19.0,72,96,2.6,NO,1596221152
438,shitanjing,39.23,106.34,25.25,22,100,2.77,CN,1596221152
439,humaita,-7.51,-63.02,37.06,19,58,1.4,BR,1596221152
440,yumen,40.28,97.2,17.0,24,0,1.04,CN,1596221153
441,mezen,65.85,44.24,10.04,86,7,3.83,RU,1596221153
442,terney,45.05,136.61,18.58,92,84,2.25,RU,1596221153
443,antofagasta,-23.65,-70.4,15.0,72,0,5.1,CL,1596220877
444,aksu,41.12,80.26,26.76,20,49,2.7,CN,1596221153
445,qaqortoq,60.72,-46.03,13.0,58,75,3.6,GL,1596221154
446,mnogovershinnyy,53.94,139.92,11.44,80,100,2.34,RU,1596221154
447,culebra,18.3,-65.3,31.0,62,20,7.2,PR,1596221154
448,luganville,-15.53,167.17,24.0,100,90,1.43,VU,1596221154
449,hun,29.13,15.95,31.55,19,0,5.33,LY,1596221155
450,bratsk,56.13,101.61,16.0,82,17,3.0,RU,1596221155
451,patan,27.67,85.33,22.0,100,75,1.5,NP,1596221155
452,mahibadhoo,3.78,72.97,28.15,80,83,6.98,MV,1596221155
453,tabou,4.42,-7.35,24.34,83,81,4.71,CI,1596221156
454,deming,32.27,-107.76,32.0,35,1,7.2,US,1596221156
455,oktyabrskiy,54.48,53.47,16.88,90,100,2.63,RU,1596221156
456,port alberni,49.24,-124.8,18.89,77,99,0.89,CA,1596221042
457,cap malheureux,-19.98,57.61,20.56,84,10,1.34,MU,1596221156
458,montrose,38.42,-108.27,31.11,18,0,2.68,US,1596221157
459,ruston,32.52,-92.64,30.0,62,90,4.1,US,1596221082
460,camocim,-2.9,-40.84,31.99,40,61,6.34,BR,1596221157
461,rodrigues alves,-7.74,-72.65,32.93,35,80,1.79,BR,1596221157
462,lavrentiya,65.58,-171.0,6.96,78,24,2.14,RU,1596221158
463,ermua,43.18,-2.5,27.0,88,90,3.6,ES,1596221158
464,togur,58.36,82.83,11.91,90,58,1.68,RU,1596221158
465,shamkhal,43.06,47.34,26.0,61,0,8.0,RU,1596221158
466,aljezur,37.32,-8.8,25.0,78,0,5.31,PT,1596221158
467,miranda de ebro,42.69,-2.95,27.0,65,20,3.6,ES,1596221159
468,el colorado,-26.31,-59.37,24.76,46,11,1.7,AR,1596220941
469,conceicao do mato dentro,-19.04,-43.42,21.35,63,54,4.42,BR,1596221159
470,xiamen,24.48,118.08,29.0,89,75,1.0,CN,1596221034
471,zapolyarnyy,69.42,30.81,9.0,87,75,6.7,RU,1596221160
472,fairbanks,64.84,-147.72,19.44,67,75,2.6,US,1596221060
473,havelock,34.88,-76.9,34.0,20,40,6.7,US,1596221160
474,hervey bay,-25.3,152.85,14.44,82,43,2.24,AU,1596221160
475,petrovsk-zabaykalskiy,51.27,108.84,13.45,93,1,0.68,RU,1596221161
476,kasempa,-13.46,25.83,16.32,47,0,3.14,ZM,1596221161
477,kingisepp,59.37,28.61,11.6,91,29,1.24,RU,1596221161
478,ponta delgada,37.73,-25.67,23.0,60,40,4.6,PT,1596221161
479,rabat,33.99,-6.84,25.0,83,40,5.7,MA,1596221162
480,saldanha,-33.01,17.94,14.0,82,0,3.6,ZA,1596221162
481,tecoanapa,16.52,-98.75,31.31,56,89,4.17,MX,1596221162
482,panama city,8.99,-79.52,34.0,52,40,4.6,PA,1596221163
483,shizunai,42.33,142.37,18.53,91,95,1.53,JP,1596221163
484,inhambane,-23.86,35.38,17.77,83,0,3.49,MZ,1596221163
485,kamenka,51.32,42.77,17.78,92,100,3.15,RU,1596221163
486,pyapon,16.28,95.68,26.5,87,20,2.82,MM,1596221163
487,oksfjord,70.24,22.35,18.0,72,0,3.6,NO,1596221164
488,forestville,38.85,-76.88,25.0,88,75,1.5,US,1596221164
489,kayes,14.0,-11.0,32.0,62,40,2.1,ML,1596221164
490,nobres,-14.72,-56.33,37.06,16,0,1.82,BR,1596221164
491,pala,9.36,14.9,24.29,84,67,1.46,TD,1596221165
492,la union,-5.4,-80.75,27.5,41,0,5.12,PE,1596221165
493,rocha,-34.48,-54.33,15.12,69,100,1.48,UY,1596221165
494,isangel,-19.55,169.27,24.0,78,98,3.6,VU,1596221165
495,luxor,25.7,32.64,40.18,15,0,8.95,EG,1596221165
496,yiyang,28.59,112.33,26.88,81,37,1.28,CN,1596221166
497,areia branca,-4.96,-37.14,28.27,63,36,7.29,BR,1596221166
498,sesheke,-17.48,24.3,20.0,30,0,2.1,ZM,1596221166
499,benton harbor,42.12,-86.45,27.0,51,1,4.1,US,1596221166
500,kavaratti,10.57,72.64,27.79,79,100,10.13,IN,1596221115
501,abay,49.63,72.85,13.0,93,0,2.0,KZ,1596221167
502,tabuk,17.42,121.44,23.35,89,100,0.25,PH,1596221171
503,barrhead,55.8,-4.39,21.67,82,100,3.1,GB,1596221171
504,biak,-0.91,122.88,24.21,84,100,3.34,ID,1596221172
505,dalbandin,28.89,64.41,29.18,29,0,4.61,PK,1596221172
506,tonota,-21.48,27.48,16.0,53,0,3.1,BW,1596221172
507,klyuchevsk,57.12,60.94,18.0,82,85,3.0,RU,1596221173
508,iralaya,15.0,-83.23,29.75,75,100,4.37,HN,1596221173
509,sisimiut,66.94,-53.67,8.16,87,100,5.75,GL,1596221173
510,ewa beach,21.32,-158.01,27.0,61,75,2.6,US,1596221173
511,saint-louis,16.33,-15.0,33.83,45,26,1.93,SN,1596221173
512,ketchikan,55.34,-131.65,21.0,64,1,7.7,US,1596221174
513,quatre cocos,-20.21,57.76,22.0,88,75,2.6,MU,1596221174
514,ngara,-2.51,30.66,20.16,42,44,1.09,TZ,1596221174
515,takoradi,4.88,-1.76,23.89,85,100,4.54,GH,1596221174
516,zhenhai,24.26,118.09,29.0,89,75,1.0,CN,1596221175
517,kinablangan,7.69,126.55,26.22,78,100,2.48,PH,1596221175
518,turayf,31.67,38.66,34.0,16,0,6.2,SA,1596221175
519,findlay,41.04,-83.65,27.22,47,40,4.6,US,1596221115
520,camopi,3.17,-52.32,28.14,86,99,0.91,GF,1596221176
521,nouakchott,18.09,-15.98,32.0,62,95,5.1,MR,1596221176
522,joensuu,62.6,29.76,14.44,71,20,3.6,FI,1596221176
523,mangaratiba,-22.96,-44.04,22.22,81,66,2.68,BR,1596221176
524,abu dhabi,24.47,54.37,36.0,71,100,3.1,AE,1596221002
525,port hardy,50.7,-127.42,16.0,82,75,1.5,CA,1596221177
526,portage,41.17,-81.2,28.33,39,1,2.1,US,1596221177
527,marzuq,14.4,46.47,27.17,61,100,3.42,YE,1596221177
528,araouane,18.9,-3.53,40.83,12,0,3.73,ML,1596221177
529,makasar,-5.14,119.42,22.0,94,20,1.0,ID,1596220939
530,dzaoudzi,-12.79,45.27,25.0,73,75,6.7,YT,1596221178
531,buenos aires,-34.61,-58.38,13.89,76,0,2.6,AR,1596220548
532,liwale,-9.77,37.93,20.41,48,0,1.6,TZ,1596221178
533,smithers,54.78,-127.17,24.0,57,5,1.5,CA,1596221178
534,high rock,26.62,-78.28,35.0,50,20,5.7,BS,1596221178
535,dikson,73.51,80.55,13.63,69,100,5.64,RU,1596221178
536,grindavik,63.84,-22.43,11.0,93,90,6.7,IS,1596221179
537,san carlos de bariloche,-41.15,-71.31,9.0,42,40,5.7,AR,1596221083
538,union,40.63,-74.27,27.22,73,75,1.66,US,1596220910
539,farafangana,-22.82,47.83,18.8,78,8,2.21,MG,1596221179
540,zhanakorgan,43.91,67.25,25.52,38,9,2.03,KZ,1596221180
541,balakovo,52.03,47.8,20.07,60,100,2.37,RU,1596221121
542,domoni,-12.26,44.53,23.4,81,65,5.82,KM,1596221180
543,magdagachi,53.45,125.8,18.01,99,100,3.79,RU,1596221180
544,skjervoy,70.03,20.97,17.0,63,0,4.1,NO,1596221180
545,leshukonskoye,64.9,45.76,12.62,78,89,4.26,RU,1596221181
546,sivas,39.79,37.0,15.0,82,0,5.1,TR,1596220951
547,portland,45.52,-122.68,26.67,38,20,2.1,US,1596221028
548,zyryanka,65.75,150.85,10.79,70,0,1.84,RU,1596221181
549,nova era,-19.75,-43.04,22.05,56,41,2.63,BR,1596221181
550,zhuhai,22.28,113.57,28.0,88,40,9.8,CN,1596221182
551,selma,36.57,-119.61,32.78,38,1,0.58,US,1596221182
552,meulaboh,4.14,96.13,24.45,76,100,1.59,ID,1596221182
553,oxford,51.75,-1.26,28.0,48,100,7.2,GB,1596221120
554,paracuru,-3.41,-39.03,26.67,64,4,9.39,BR,1596220893
555,lakes entrance,-37.88,147.98,3.89,96,100,2.24,AU,1596221183
556,prainha,-1.8,-53.48,35.21,35,68,2.1,BR,1596221183
557,el alto,-4.27,-81.21,23.0,64,9,7.2,PE,1596221183
558,oriximina,-1.77,-55.87,35.4,34,0,2.42,BR,1596221183
559,tasgaon,17.03,74.6,23.35,89,100,4.45,IN,1596221184
560,rio grande,-32.03,-52.1,21.0,52,100,4.1,BR,1596220966
561,puerto del rosario,28.5,-13.86,24.0,78,20,5.7,ES,1596221051
